{
    "MSE": 0.3917764198549262,
    "R2": 0.40050052461715757
}